frame,track id,x,y,w,h,gender
51,0,689,312,73,210,female
51,1,592,305,71,210,female
52,0,689,312,73,210,female
52,1,592,305,71,209,female
53,0,689,312,73,210,female
53,1,592,305,71,209,female
53,2,422,320,73,195,female
54,0,689,311,73,211,female
54,1,592,305,71,209,female
54,2,424,318,72,194,female
55,0,689,311,73,211,female
55,1,592,305,71,209,female
55,2,426,315,74,193,female
56,0,689,311,73,211,female
56,1,592,305,71,210,female
56,2,427,308,77,198,female
57,0,689,310,73,213,female
57,1,592,304,71,211,female
57,2,429,302,76,203,female
58,0,689,310,73,213,female
58,1,592,304,71,211,female
58,2,432,298,75,202,female
59,0,689,310,73,214,female
59,1,592,304,71,210,female
59,2,433,297,75,195,female
60,0,689,310,73,214,female
60,1,592,304,71,210,female
60,2,435,297,74,196,female
61,0,689,311,73,212,female
61,1,592,304,71,211,female
61,2,439,301,71,193,female
62,0,689,311,73,211,female
62,1,592,305,71,209,female
62,2,440,296,71,197,female
63,0,689,312,73,210,female
63,1,592,304,71,210,female
63,2,439,294,73,194,female
64,0,689,311,73,211,female
64,1,592,304,71,211,female
64,2,441,295,70,189,female
65,0,689,311,73,211,female
65,1,592,304,71,211,female
65,2,437,293,75,186,female
66,0,689,310,73,213,female
66,1,591,304,72,211,female
66,2,439,291,73,190,female
67,0,689,311,73,211,female
67,1,591,304,72,210,female
67,2,440,288,73,190,female
68,0,689,311,73,211,female
68,1,591,304,72,210,female
68,2,442,290,68,182,female
69,0,689,311,73,211,female
69,1,591,303,72,215,female
69,2,442,290,67,187,female
70,0,689,310,73,213,female
70,1,591,303,72,214,female
70,2,442,286,69,195,female
71,0,689,311,73,211,female
71,1,592,303,71,213,female
71,2,442,286,74,193,female
72,0,689,312,73,210,female
72,1,591,303,72,212,female
72,2,442,285,72,186,female
73,0,689,311,73,211,female
73,1,591,303,72,213,female
73,2,445,287,63,167,female
74,0,689,312,73,210,female
74,1,592,304,71,211,female
74,2,445,286,66,176,female
75,0,689,312,73,210,female
75,1,592,303,71,212,female
75,2,447,280,66,188,female
76,0,689,313,73,205,female
76,1,591,303,72,216,female
76,2,447,278,69,210,female
77,0,689,312,73,206,female
77,1,590,305,73,215,female
77,2,448,279,69,194,female
78,0,689,312,73,206,female
78,1,591,304,72,216,female
78,2,450,277,66,195,female
79,0,689,313,73,205,female
79,1,590,304,73,215,female
79,2,450,277,67,183,female
80,0,689,313,73,205,female
80,1,591,304,72,214,female
80,2,451,281,64,180,female
81,0,689,313,73,205,female
81,1,591,304,72,215,female
81,2,449,278,70,187,female
82,0,689,312,73,205,female
82,1,591,303,72,214,female
82,2,451,273,68,195,female
83,0,689,313,73,204,female
83,1,591,303,72,214,female
83,2,452,272,68,196,female
84,0,689,312,73,206,female
84,1,591,303,72,212,female
84,2,454,275,67,186,female
85,0,689,312,73,206,female
85,1,590,304,73,211,female
86,0,689,312,73,206,female
86,1,590,303,74,210,female
86,2,459,271,68,191,female
87,0,689,312,73,206,female
87,1,590,303,73,211,female
87,2,462,269,68,195,female
88,0,689,312,73,206,female
88,1,590,303,73,211,female
88,2,462,268,70,195,female
89,0,689,312,73,206,female
89,1,590,303,73,211,female
89,2,467,269,67,188,female
90,0,689,312,73,206,female
90,1,590,303,73,212,female
90,2,472,269,65,189,female
91,0,689,312,73,206,female
91,1,590,304,73,210,female
91,2,476,265,64,186,female
92,0,689,312,73,206,female
92,1,590,303,73,211,female
92,2,481,265,61,185,female
93,0,689,312,73,206,female
93,1,590,303,73,212,female
93,2,481,263,63,180,female
94,0,689,312,73,206,female
94,1,591,303,72,210,female
94,2,488,265,57,172,female
95,0,689,312,73,206,female
95,1,591,302,72,211,female
95,2,489,263,61,182,female
96,0,689,312,73,206,female
96,1,591,302,72,214,female
97,0,689,312,73,206,female
97,1,591,303,72,214,female
97,2,492,259,64,234,female
98,0,689,312,73,206,female
98,1,591,302,72,212,female
98,2,491,256,68,230,female
99,0,689,312,73,206,female
99,1,590,303,72,214,female
100,0,689,312,73,206,female
100,1,591,303,71,213,female
100,2,504,259,63,263,female
101,0,690,311,73,202,female
101,1,590,306,73,201,female
102,0,690,311,73,203,female
102,1,590,306,73,202,female
103,0,690,311,73,202,female
103,1,590,306,73,201,female
103,2,510,257,64,239,female
103,3,794,86,24,84,female
104,0,690,311,73,202,female
104,1,589,305,74,201,female
104,2,509,255,66,227,female
104,3,791,83,28,92,female
105,0,690,311,73,202,female
105,1,588,304,75,202,female
105,2,511,256,62,215,female
106,0,690,311,73,203,female
106,1,588,304,75,203,female
106,2,512,252,61,195,female
107,0,690,311,73,203,female
107,1,588,305,75,201,female
107,2,511,252,61,187,female
107,3,794,85,25,90,female
108,0,690,311,73,203,female
108,1,589,305,74,202,female
108,2,515,249,58,192,female
109,0,690,311,73,203,female
109,1,590,305,73,204,female
110,0,690,311,73,203,female
110,1,589,306,74,202,female
110,3,794,88,27,90,female
111,0,690,311,73,202,female
111,1,588,308,75,203,female
111,3,793,88,28,90,female
112,0,690,311,73,203,female
112,1,588,308,74,205,female
113,0,690,311,72,203,female
113,1,589,307,73,207,female
113,3,796,87,24,90,female
114,0,690,311,72,203,female
114,1,588,307,75,209,female
114,3,797,87,24,89,female
115,0,690,311,73,203,female
115,1,587,305,76,208,female
115,3,797,84,25,93,female
116,0,690,311,73,203,female
116,1,588,305,75,207,female
116,3,798,84,24,92,female
117,0,690,311,73,203,female
117,1,587,304,76,209,female
118,0,690,311,73,203,female
118,1,588,303,75,207,female
119,0,690,311,73,202,female
119,1,589,302,74,205,female
120,0,690,311,73,202,female
120,1,589,298,74,210,female
121,0,690,311,73,202,female
121,1,589,297,74,212,female
122,0,689,310,74,204,female
122,1,588,297,75,213,female
123,0,690,310,73,204,female
123,1,592,295,71,213,female
123,3,794,73,27,101,female
124,0,690,310,73,204,female
124,1,591,293,72,216,female
125,0,690,311,73,203,female
125,1,592,296,70,212,female
126,0,690,310,73,206,female
126,1,592,290,71,224,female
126,2,545,245,58,234,female
126,3,791,68,29,112,female
127,0,690,310,73,205,female
127,1,593,293,70,216,female
127,2,547,245,56,212,female
128,0,690,310,73,205,female
128,1,592,293,71,217,female
128,2,548,246,57,193,female
129,0,689,310,74,205,female
129,1,590,294,73,217,female
129,2,550,246,57,192,female
130,0,690,310,73,206,female
130,1,590,294,73,218,female
130,2,553,247,58,185,female
131,0,690,310,73,206,female
131,1,591,293,71,218,female
131,2,557,244,57,189,female
132,0,690,310,74,206,female
132,1,588,293,74,227,female
132,2,559,241,58,173,female
133,0,690,310,74,206,female
133,1,587,292,75,230,female
133,2,560,238,61,185,female
134,0,690,310,74,206,female
134,1,585,289,77,233,female
134,2,560,239,60,190,female
135,0,689,310,75,206,female
135,1,587,290,75,233,female
135,2,563,238,61,198,female
136,0,690,310,74,206,female
136,1,589,290,73,226,female
136,2,563,237,61,209,female
136,3,791,89,33,94,female
137,0,690,310,74,206,female
137,1,588,291,74,228,female
137,2,566,238,58,200,female
138,0,689,310,75,206,female
138,1,586,286,76,246,female
138,2,567,237,58,205,female
139,0,690,310,74,206,female
139,1,586,286,76,242,female
139,2,567,235,59,206,female
140,0,690,310,74,206,female
140,1,586,285,77,247,female
140,2,567,235,60,202,female
141,0,690,310,74,206,female
141,1,587,286,76,242,female
142,0,690,310,74,206,female
142,1,588,287,75,241,female
143,0,690,310,74,206,female
143,1,588,288,75,239,female
144,0,690,310,74,206,female
144,1,587,288,76,243,female
145,0,690,310,74,206,female
145,1,588,289,75,242,female
146,0,690,310,74,206,female
146,1,587,288,77,247,female
147,0,690,310,74,206,female
147,1,588,288,75,250,female
148,0,690,310,74,206,female
148,1,587,286,76,248,female
149,0,690,310,74,206,female
149,1,587,285,76,257,female
150,0,690,310,74,206,female
150,1,588,285,75,256,female
151,0,690,311,73,202,female
151,1,586,280,72,249,female
151,2,575,223,61,186,female
152,0,690,311,73,201,female
152,1,586,280,72,247,female
152,2,575,221,62,188,female
153,0,690,311,73,202,female
153,1,586,277,72,250,female
153,2,576,221,62,190,female
154,0,690,311,73,202,female
154,1,585,279,73,245,female
154,2,576,221,63,189,female
155,0,690,311,73,202,female
155,1,587,278,72,248,female
155,2,578,221,59,189,female
156,0,690,311,73,202,female
156,1,587,278,72,248,female
156,2,580,222,59,183,female
157,0,690,311,73,202,female
157,1,588,289,74,242,female
157,2,581,222,58,181,female
158,0,690,311,72,202,female
158,1,588,293,74,235,female
158,2,583,223,57,179,female
159,0,691,310,72,202,female
159,1,588,276,71,242,female
159,2,582,223,58,183,female
160,0,691,310,72,202,female
160,1,587,273,71,242,female
160,2,583,223,58,186,female
161,0,691,310,71,203,female
161,1,586,284,75,244,female
161,2,584,228,63,219,female
161,3,794,105,26,87,female
161,5,764,67,16,59,
162,0,691,310,71,203,female
162,1,585,270,72,242,female
162,2,585,224,59,185,female
162,3,793,104,28,88,female
162,5,763,67,17,60,
163,0,690,310,72,202,female
163,1,586,276,72,236,female
163,2,587,224,58,181,female
164,0,691,310,71,202,female
164,1,589,271,68,237,female
164,2,589,224,57,182,female
164,3,792,101,31,91,female
165,0,690,311,72,202,female
165,1,586,287,75,253,female
165,2,592,226,55,166,female
166,0,691,310,71,203,female
166,1,586,283,76,264,female
166,2,595,226,53,165,female
167,0,690,310,72,203,female
167,1,586,284,76,259,female
167,2,596,225,55,163,female
167,3,791,105,34,88,female
168,0,690,310,72,203,female
168,1,586,282,76,262,female
168,2,597,224,56,168,female
168,3,790,104,35,90,female
169,0,690,310,73,203,female
169,1,586,278,77,270,female
169,2,600,223,54,171,female
169,3,790,105,35,88,female
170,0,690,310,73,203,female
170,1,587,281,76,261,female
170,2,601,223,54,169,female
170,3,790,105,36,88,female
171,0,690,310,73,203,female
171,1,586,277,77,270,female
171,2,602,223,53,171,female
171,3,790,103,33,89,female
172,0,690,310,73,203,female
172,1,586,276,77,270,female
172,2,602,223,52,170,female
172,3,790,103,32,90,female
173,0,690,310,73,203,female
173,1,584,270,80,290,female
173,2,603,223,50,164,female
174,0,690,310,73,204,female
174,1,583,261,81,310,female
174,2,603,221,49,169,female
174,3,790,101,32,92,female
175,0,691,310,72,204,female
175,1,583,263,81,303,female
175,2,602,222,51,183,female
175,3,791,102,31,93,female
176,0,690,309,72,209,female
176,1,584,259,80,314,female
176,2,602,219,50,194,female
177,0,690,309,72,209,female
177,1,584,259,80,319,female
177,2,602,219,50,195,female
177,3,792,106,29,94,female
178,0,690,309,72,209,female
178,1,584,259,80,320,female
178,2,603,218,48,193,female
178,3,793,102,29,98,female
179,0,690,309,72,209,female
179,1,585,267,79,302,female
179,2,605,219,45,172,female
179,3,793,105,30,90,female
180,0,690,310,72,208,female
180,1,586,270,77,292,female
180,2,606,220,44,172,female
181,0,689,309,73,208,female
181,1,585,270,78,292,female
181,2,605,218,47,180,female
182,0,689,310,73,207,female
182,1,587,281,76,261,female
182,2,607,219,46,173,female
183,0,690,310,72,207,female
183,1,587,278,76,266,female
183,2,606,219,47,176,female
184,0,690,310,72,207,female
184,1,588,283,76,256,female
184,2,608,219,45,171,female
185,0,689,310,73,207,female
185,1,588,287,76,250,female
185,2,608,219,46,169,female
186,0,690,310,72,207,female
186,1,588,285,76,250,female
186,2,610,218,41,161,female
187,0,690,310,72,207,female
187,1,587,284,78,253,female
187,2,609,217,43,154,female
188,0,690,310,72,207,female
188,1,588,283,75,253,female
188,2,609,217,43,160,female
189,0,690,309,72,208,female
189,1,587,285,77,251,female
189,2,609,217,42,153,female
190,0,690,309,72,208,female
190,1,588,288,76,242,female
190,2,609,217,43,155,female
191,0,690,309,72,208,female
191,1,587,288,77,243,female
191,2,609,217,43,154,female
192,0,690,309,72,208,female
192,1,588,286,76,246,female
192,2,609,217,44,155,female
193,0,689,309,73,208,female
193,1,588,289,76,238,female
193,2,608,218,45,153,female
194,0,690,309,72,208,female
194,1,587,287,77,243,female
194,2,609,217,46,159,female
195,0,690,309,72,208,female
195,1,587,285,77,248,female
195,2,609,215,44,152,female
196,0,690,309,72,208,female
196,1,587,286,77,246,female
196,2,609,216,44,151,female
197,0,690,309,72,208,female
197,1,586,283,79,256,female
198,0,690,309,72,208,female
198,1,585,280,80,264,female
199,0,690,309,72,208,female
199,1,585,280,80,265,female
200,0,690,309,72,208,female
200,1,585,281,80,263,female
201,0,690,312,72,207,female
201,1,585,285,81,281,female
202,0,690,312,72,207,female
202,1,585,286,81,280,female
203,0,690,312,72,207,female
203,1,585,286,81,279,female
204,0,690,312,72,208,female
204,1,585,285,81,282,female
205,0,690,312,72,207,female
205,1,585,285,81,282,female
206,0,690,311,72,209,female
206,1,585,285,81,282,female
207,0,690,311,72,209,female
207,1,585,285,81,281,female
208,0,690,310,72,210,female
208,1,585,285,81,284,female
209,0,690,311,72,208,female
209,1,585,286,81,277,female
209,3,800,78,28,104,female
210,0,690,311,72,208,female
210,1,585,287,81,274,female
210,3,799,79,28,105,female
211,0,690,311,72,207,female
211,1,585,287,81,274,female
211,3,800,78,28,105,female
212,0,690,311,72,208,female
212,1,585,287,81,274,female
212,3,798,76,29,108,female
213,0,690,310,72,208,female
213,1,585,287,81,272,female
213,3,799,74,29,108,female
214,0,690,310,72,208,female
214,1,585,287,81,273,female
214,3,798,73,30,108,female
215,0,690,310,72,208,female
215,1,586,287,80,264,female
215,3,798,77,29,103,female
216,0,690,311,72,208,female
216,1,585,287,81,273,female
216,3,794,72,31,108,female
217,0,690,310,72,209,female
217,1,585,285,80,275,female
217,3,795,73,33,111,female
218,0,690,311,72,208,female
218,1,584,282,81,280,female
218,3,793,74,34,110,female
219,0,690,310,72,210,female
219,1,584,282,82,287,female
219,3,793,73,34,113,female
220,0,690,310,72,210,female
220,1,584,282,82,287,female
220,3,792,79,35,111,female
221,0,690,311,72,208,female
221,1,584,282,82,285,female
221,3,792,80,33,107,female
222,0,690,311,72,208,female
222,1,584,283,82,281,female
222,3,792,80,33,106,female
223,0,690,311,72,208,female
223,1,584,284,82,278,female
223,3,792,79,33,109,female
224,0,690,311,72,208,female
224,1,584,284,82,278,female
224,3,794,76,31,111,female
225,0,690,310,72,209,female
225,1,584,283,82,282,female
225,3,795,78,31,108,female
226,0,690,308,73,206,female
226,1,587,293,78,225,female
226,2,608,216,49,156,female
226,3,797,77,33,108,female
227,0,690,308,73,206,female
227,1,587,293,78,226,female
227,2,608,216,49,156,female
227,3,796,77,35,109,female
228,0,690,308,73,206,female
228,1,587,292,78,226,female
228,2,608,216,49,156,female
228,3,797,70,37,118,female
229,0,690,308,73,206,female
229,1,587,292,77,227,female
229,2,608,216,48,157,female
229,3,796,75,34,110,female
230,0,690,308,73,207,female
230,1,587,292,77,227,female
230,2,608,216,48,157,female
231,0,690,308,73,207,female
231,1,587,292,77,227,female
231,2,608,216,48,158,female
231,3,796,74,34,111,female
232,0,690,308,73,206,female
232,1,587,292,77,226,female
232,2,607,216,49,156,female
233,0,690,308,73,207,female
233,1,587,292,77,226,female
233,2,607,216,49,156,female
234,0,690,308,73,207,female
234,1,587,291,78,229,female
234,2,608,216,48,157,female
235,0,690,308,73,207,female
235,1,587,292,78,228,female
235,2,608,216,48,157,female
236,0,690,308,74,207,female
236,1,587,290,78,231,female
236,2,608,216,48,158,female
237,0,689,309,74,206,female
237,1,587,291,78,230,female
237,2,608,216,48,157,female
237,3,797,73,31,113,female
238,0,690,309,73,206,female
238,1,587,291,78,229,female
238,2,607,216,49,156,female
238,3,799,75,29,110,female
239,0,690,309,73,206,female
239,1,587,291,78,229,female
239,3,798,74,30,112,female
240,0,690,309,73,206,female
240,1,587,292,78,228,female
240,3,799,78,30,105,female
241,0,690,309,73,206,female
241,1,587,289,78,234,female
241,3,797,79,32,106,female
242,0,689,309,74,206,female
242,1,587,291,78,230,female
242,2,607,217,48,149,female
243,0,689,309,74,206,female
243,1,587,291,78,230,female
243,2,607,217,47,149,female
244,0,689,309,74,206,female
244,1,587,291,78,230,female
244,2,607,217,46,147,female
245,0,689,309,74,206,female
245,1,587,291,78,229,female
245,2,607,217,46,147,female
246,0,689,309,74,206,female
246,1,587,291,78,230,female
246,2,607,217,46,147,female
247,0,689,309,74,206,female
247,1,587,291,78,231,female
248,0,689,309,74,206,female
248,1,587,291,78,230,female
248,2,607,217,46,146,female
249,0,689,309,74,206,female
249,1,586,291,79,231,female
250,0,689,309,74,206,female
250,1,587,292,78,227,female
251,0,689,309,73,215,female
251,1,586,291,79,242,female
251,2,607,215,49,158,female
252,0,689,309,73,215,female
252,1,586,292,79,240,female
252,2,607,216,49,156,female
253,0,689,309,73,215,female
253,1,586,292,79,240,female
253,2,607,216,49,156,female
254,0,689,309,73,215,female
254,1,586,292,79,240,female
254,2,607,216,49,156,female
255,0,689,310,73,214,female
255,1,586,292,79,240,female
256,0,689,310,73,214,female
256,1,587,291,78,241,female
256,2,608,215,49,158,female
257,0,689,310,73,214,female
257,1,587,291,78,241,female
257,2,607,215,50,160,female
258,0,689,310,73,214,female
258,1,586,291,79,242,female
258,2,607,215,50,159,female
259,0,689,310,73,214,female
259,1,586,290,79,243,female
260,0,689,310,73,214,female
260,1,586,290,79,243,female
261,0,689,310,73,214,female
261,1,586,289,79,244,female
262,0,689,310,73,214,female
262,1,586,289,79,245,female
263,0,689,310,73,214,female
263,1,586,290,79,241,female
264,0,689,310,73,214,female
264,1,587,291,78,238,female
265,0,689,310,73,214,female
265,1,586,290,79,240,female
266,0,689,310,73,214,female
266,1,586,289,78,239,female
267,0,689,309,73,215,female
267,1,586,287,78,246,female
268,0,689,309,73,215,female
268,1,587,289,77,240,female
268,2,608,216,50,162,female
269,0,689,309,73,215,female
269,1,587,287,76,244,female
270,0,689,309,73,215,female
270,1,587,287,76,244,female
271,0,689,308,73,217,female
271,1,587,285,78,251,female
272,0,689,308,73,217,female
272,1,587,284,79,254,female
273,0,689,308,73,217,female
273,1,587,285,78,251,female
274,0,689,308,73,218,female
274,1,588,284,76,252,female
275,0,689,309,73,217,female
275,1,588,283,75,252,female
276,0,690,309,72,209,female
276,1,588,282,76,267,female
277,0,691,308,71,210,female
277,1,588,279,76,284,female
278,0,691,309,71,208,female
278,1,589,285,73,253,female
279,0,690,309,72,208,female
279,1,590,286,72,247,female
279,2,622,214,48,172,female
279,8,982,463,101,256,female
280,0,689,309,73,208,female
280,1,589,286,75,246,female
280,2,624,214,48,167,female
280,8,986,457,92,263,female
281,0,685,308,77,212,female
281,1,589,287,76,241,female
281,2,627,216,50,155,female
281,8,986,457,87,263,female
282,0,685,308,77,212,female
282,1,589,289,76,239,female
282,2,626,216,50,153,female
282,8,986,461,81,259,female
283,0,686,308,76,212,female
283,1,588,288,78,245,female
283,2,628,217,49,138,female
283,8,986,460,82,245,female
284,0,687,308,75,213,female
284,1,590,289,75,246,female
284,2,629,218,49,148,female
284,8,995,456,81,245,female
285,0,687,309,75,209,female
285,1,590,293,74,231,female
285,2,631,219,49,132,female
285,8,989,455,85,250,female
286,0,686,308,75,213,female
286,1,589,292,75,237,female
286,2,633,220,49,130,female
286,8,990,452,88,254,female
287,0,686,308,75,212,female
287,1,589,292,74,235,female
287,2,635,219,49,134,female
287,8,987,458,87,243,female
288,0,688,309,74,208,female
288,1,589,291,74,235,female
288,2,639,217,48,157,female
288,8,991,456,82,234,female
289,0,689,309,73,208,female
289,1,589,291,73,239,female
289,2,641,219,48,155,female
289,8,985,455,89,243,female
290,0,689,309,73,209,female
290,1,589,293,73,234,female
290,2,643,220,48,152,female
290,3,794,75,31,114,female
290,8,985,455,87,252,female
291,0,689,309,73,208,female
291,1,589,293,73,227,female
291,2,643,221,47,155,female
291,3,793,79,31,110,female
291,8,990,455,81,224,female
292,0,690,310,71,208,female
292,1,590,299,70,222,female
292,2,645,221,45,154,female
293,0,690,310,71,207,female
293,1,591,302,69,214,female
293,2,645,221,46,154,female
293,8,994,460,88,210,female
294,0,690,310,71,208,female
294,1,590,302,70,217,female
294,2,645,219,48,154,female
295,0,688,308,73,214,female
295,1,591,302,71,220,female
295,2,646,217,48,160,female
296,0,689,306,72,215,female
296,1,591,300,72,224,female
297,0,689,305,72,214,female
297,1,591,300,72,220,female
298,0,690,305,72,214,female
298,1,591,299,72,223,female
299,0,688,306,73,214,female
299,1,591,299,72,226,female
300,0,689,305,71,220,female
300,1,591,300,70,228,female
300,8,1018,425,97,213,female
301,0,687,305,74,217,female
302,0,687,305,74,218,female
303,0,687,302,74,221,female
304,0,686,301,75,222,female
304,2,662,217,46,155,female
305,0,688,304,73,217,female
305,2,663,217,48,152,female
306,0,687,304,75,217,female
306,2,664,215,48,154,female
306,8,1015,416,101,262,female
307,0,686,299,75,225,female
307,2,665,213,48,148,female
307,5,763,68,16,54,
307,8,1021,409,92,259,female
308,0,685,294,77,232,female
308,2,666,215,49,157,female
308,5,764,70,15,54,
308,8,1019,414,91,233,female
309,0,687,297,75,227,female
309,2,666,211,50,155,female
309,8,1018,413,90,241,female
310,0,687,295,75,230,female
310,2,667,213,49,158,female
310,8,1017,410,96,261,female
311,0,685,294,77,233,female
311,2,668,211,47,150,female
311,8,1016,407,93,260,female
312,0,686,294,76,232,female
312,2,669,211,47,156,female
312,8,1015,408,90,252,female
313,0,687,296,75,229,female
313,2,669,214,50,159,female
313,8,1015,408,90,244,female
314,0,687,296,75,229,female
314,2,670,214,49,163,female
314,8,1011,406,91,247,female
315,0,687,297,75,228,female
315,2,670,215,47,158,female
315,8,1011,405,83,241,female
316,0,686,296,76,230,female
316,2,671,215,48,153,female
316,8,1010,404,83,243,female
317,0,685,291,77,240,female
317,2,674,214,44,144,female
317,8,1009,403,86,244,female
318,0,686,299,76,225,female
318,1,591,309,70,209,female
318,2,672,213,47,152,female
318,8,1009,401,85,249,female
319,0,685,293,77,237,female
319,1,591,308,70,212,female
319,2,674,213,46,149,female
319,8,1008,402,85,239,female
320,0,686,293,76,237,female
320,1,591,308,70,211,female
320,2,674,213,47,149,female
320,8,1007,405,88,231,female
321,0,684,290,79,242,female
321,1,591,307,70,213,female
321,2,675,212,47,148,female
321,8,1007,402,89,234,female
322,0,685,299,77,224,female
322,1,591,308,71,210,female
322,2,675,211,47,147,female
322,8,1008,399,89,238,female
323,0,684,291,79,241,female
323,1,591,307,70,213,female
323,2,675,211,47,146,female
323,8,1008,398,91,235,female
324,0,685,298,77,225,female
324,1,591,309,71,208,female
324,2,675,211,49,151,female
324,8,1008,397,90,236,female
325,0,684,288,79,248,female
325,1,591,307,70,214,female
325,2,675,210,51,157,female
325,8,1009,399,87,236,female
326,0,688,299,75,224,female
326,1,589,305,71,214,female
326,2,676,210,51,169,female
326,8,1007,397,93,228,female
327,0,688,299,75,224,female
327,1,589,307,71,212,female
327,2,675,211,52,166,female
327,8,1007,394,92,229,female
328,0,688,299,75,225,female
328,1,589,307,71,212,female
328,2,676,211,51,166,female
328,8,1006,396,94,230,female
329,0,688,298,75,226,female
329,1,589,307,71,212,female
329,2,676,211,51,167,female
329,8,1009,398,91,228,female
330,0,688,299,75,224,female
330,1,589,307,71,212,female
330,2,676,210,53,170,female
330,8,1007,397,94,232,female
331,0,688,299,75,224,female
331,1,589,307,71,212,female
331,2,676,210,53,169,female
331,8,1009,396,94,229,female
332,0,688,298,75,225,female
332,1,589,307,71,212,female
332,2,676,211,52,166,female
332,8,1011,397,94,229,female
333,0,688,298,75,225,female
333,1,590,306,69,209,female
333,2,676,209,53,173,female
333,8,1012,397,94,230,female
334,0,688,299,75,224,female
334,1,589,307,71,212,female
334,2,676,208,53,172,female
334,8,1011,398,96,227,female
335,0,688,298,75,225,female
335,1,589,307,71,212,female
335,2,675,208,54,172,female
335,8,1015,399,94,228,female
336,0,688,298,75,225,female
336,1,589,307,71,212,female
336,2,675,209,54,170,female
336,8,1014,398,96,230,female
337,0,688,298,76,225,female
337,1,589,307,71,212,female
337,2,675,209,54,169,female
337,8,1015,397,97,232,female
338,0,688,298,76,225,female
338,1,589,307,71,212,female
338,2,675,208,54,171,female
338,7,1122,538,113,182,female
338,8,1014,396,100,233,female
339,0,688,299,76,224,female
339,1,589,307,71,212,female
339,2,676,208,54,171,female
339,7,1120,541,117,179,female
339,8,1019,396,95,235,female
340,0,688,299,76,224,female
340,1,589,307,71,212,female
340,2,676,208,54,169,female
340,7,1125,541,120,179,female
340,8,1019,395,97,236,female
341,0,688,299,76,224,female
341,1,589,307,71,212,female
341,2,676,208,54,171,female
341,7,1134,543,110,176,female
341,8,1021,397,95,232,female
342,0,688,298,75,225,female
342,1,589,307,71,212,female
342,2,676,207,53,171,female
342,7,1136,544,111,175,female
342,8,1025,398,94,230,female
343,0,688,298,75,225,female
343,1,589,307,71,212,female
343,2,676,207,53,171,female
343,7,1141,545,106,173,female
343,8,1025,397,97,231,female
344,0,688,298,76,225,female
344,1,589,308,72,211,female
344,2,676,207,53,170,female
344,7,1149,547,101,172,female
344,8,1027,397,97,224,female
345,0,688,298,76,225,female
345,1,589,308,72,211,female
345,2,676,207,53,170,female
345,7,1150,550,94,169,female
345,8,1024,396,99,227,female
346,0,688,298,75,225,female
346,1,589,307,71,212,female
346,2,676,207,53,171,female
346,7,1143,555,106,165,female
347,0,688,299,75,224,female
347,1,589,307,71,212,female
347,2,677,208,52,173,female
347,7,1138,560,112,159,female
347,8,1038,393,91,229,female
348,0,688,298,75,225,female
348,1,589,307,71,212,female
348,2,676,207,53,170,female
348,7,1123,557,128,163,female
348,8,1043,394,87,229,female
349,0,688,298,75,226,female
349,1,589,307,71,212,female
349,2,677,208,52,174,female
349,7,1125,559,129,160,female
349,8,1042,392,86,229,female
350,0,688,298,75,225,female
350,1,589,307,71,212,female
350,2,676,208,53,172,female
350,7,1131,560,122,158,female
350,8,1044,393,85,234,female
351,0,689,298,72,226,female
351,1,591,309,69,216,female
351,2,678,212,50,161,female
351,8,1045,395,84,226,female
352,0,689,298,72,226,female
352,1,590,308,70,217,female
352,2,678,212,50,161,female
352,8,1047,394,82,227,female
353,0,689,298,72,225,female
353,1,590,309,70,216,female
353,2,677,212,51,161,female
353,8,1047,396,82,210,female
354,0,689,298,72,226,female
354,1,591,309,69,216,female
354,2,677,212,51,160,female
354,8,1047,395,83,211,female
355,0,689,298,72,225,female
355,1,590,309,70,216,female
355,2,677,213,51,160,female
355,7,1141,568,114,150,female
355,8,1047,395,84,214,female
356,0,689,299,72,224,female
356,1,590,309,71,216,female
356,2,677,213,51,161,female
356,7,1135,568,123,150,female
356,8,1052,396,84,214,female
357,0,689,298,72,225,female
357,1,590,309,71,216,female
357,2,678,213,51,162,female
357,7,1133,568,123,150,female
357,8,1052,393,82,233,female
358,0,689,299,72,224,female
358,1,590,309,71,216,female
358,2,678,213,51,161,female
358,7,1127,568,133,150,female
358,8,1053,397,83,218,female
359,0,689,298,72,225,female
359,1,590,309,70,217,female
359,2,677,213,51,161,female
359,7,1126,569,129,149,female
359,8,1054,397,82,214,female
360,0,689,299,72,224,female
360,1,590,309,70,216,female
360,2,677,213,51,161,female
360,7,1127,571,125,148,female
360,8,1056,395,82,213,female
361,0,690,299,71,224,female
361,1,590,309,70,217,female
361,2,677,213,52,161,female
361,7,1123,573,125,147,female
361,8,1061,391,76,230,female
362,0,690,299,71,224,female
362,1,590,309,70,217,female
362,2,677,213,52,161,female
363,0,690,298,71,226,female
363,1,590,308,70,218,female
363,2,677,213,52,162,female
364,0,690,298,71,226,female
364,1,590,309,70,217,female
364,2,677,213,51,162,female
364,8,1070,395,70,214,female
365,0,689,298,72,226,female
365,1,590,308,70,217,female
365,2,677,211,53,166,female
365,8,1072,396,68,218,female
366,0,689,298,72,226,female
366,1,590,308,70,217,female
366,2,677,211,53,166,female
366,8,1074,394,67,223,female
367,0,689,298,72,226,female
367,1,590,309,70,216,female
367,2,677,211,53,166,female
367,7,1137,575,106,145,female
368,0,689,297,72,228,female
368,1,590,308,70,217,female
368,2,677,211,53,165,female
368,7,1132,576,114,144,female
368,8,1076,393,67,222,female
369,0,689,297,72,228,female
369,1,590,308,70,218,female
369,2,677,211,53,166,female
369,7,1128,578,116,141,female
370,0,689,297,72,228,female
370,1,590,308,70,218,female
370,2,677,212,52,162,female
371,0,689,297,72,228,female
371,1,590,309,70,216,female
371,2,677,211,53,166,female
372,0,689,297,72,228,female
372,1,590,308,70,218,female
372,2,677,211,53,167,female
373,0,689,297,72,228,female
373,1,591,308,69,217,female
373,2,677,210,53,167,female
374,0,689,297,72,228,female
374,1,591,308,69,217,female
374,2,677,211,53,166,female
375,0,689,298,72,226,female
375,1,590,308,70,218,female
375,2,677,211,52,167,female
376,0,689,297,74,222,female
376,1,589,299,73,220,female
376,2,676,209,52,161,female
376,8,1082,384,86,230,female
377,0,689,297,74,222,female
377,1,589,299,73,220,female
377,2,676,209,52,161,female
377,8,1080,387,93,230,female
378,0,689,297,74,222,female
378,1,588,299,74,217,female
378,2,676,209,52,161,female
378,8,1094,397,79,222,female
379,0,689,297,74,222,female
379,1,588,299,74,217,female
379,2,676,209,52,161,female
379,8,1097,398,77,217,female
380,0,689,297,74,222,female
380,1,588,299,74,217,female
380,2,676,209,52,161,female
380,8,1097,402,77,217,female
381,0,689,297,74,222,female
381,1,588,299,74,217,female
381,2,676,209,52,161,female
382,0,689,297,74,222,female
382,1,588,299,74,216,female
382,2,676,209,52,161,female
383,0,689,297,74,222,female
383,1,588,299,74,216,female
383,2,675,208,55,168,female
384,0,689,297,74,221,female
384,1,588,299,74,217,female
384,2,676,208,54,168,female
385,0,689,297,74,222,female
385,1,588,299,74,217,female
385,2,676,208,54,170,female
385,8,1108,402,68,211,female
386,0,689,298,74,220,female
386,1,588,299,74,217,female
386,2,676,209,51,161,female
387,0,689,297,74,222,female
387,1,588,299,74,217,female
387,2,676,208,54,169,female
388,0,689,298,74,220,female
388,1,588,299,74,217,female
388,2,677,209,50,161,female
388,8,1122,403,64,216,female
389,0,689,298,74,220,female
389,1,588,300,74,216,female
389,2,676,208,54,169,female
390,0,689,297,74,222,female
390,1,588,300,74,216,female
390,2,676,208,54,170,female
391,0,689,297,74,222,female
391,1,588,300,74,216,female
391,2,676,208,54,170,female
392,0,690,298,73,220,female
392,1,588,299,74,217,female
392,2,676,209,52,164,female
393,0,690,298,73,220,female
393,1,588,299,74,217,female
393,2,676,209,52,164,female
394,0,690,298,73,220,female
394,1,588,299,74,217,female
394,2,676,209,52,164,female
395,0,690,298,73,220,female
395,1,588,299,74,217,female
395,2,676,209,51,161,female
396,0,690,298,73,220,female
396,1,588,299,74,217,female
396,2,676,209,51,161,female
397,0,690,298,73,220,female
397,1,588,299,74,217,female
397,2,676,209,52,165,female
398,0,690,298,73,220,female
398,1,588,299,74,217,female
398,2,677,209,51,165,female
399,0,690,298,73,220,female
399,1,588,299,74,217,female
399,2,676,208,53,170,female
400,0,690,298,73,220,female
400,1,588,299,73,217,female
400,2,676,209,51,161,female
401,0,689,299,73,221,female
401,1,591,304,70,202,female
401,2,676,209,53,169,female
402,0,689,299,73,221,female
402,1,591,305,70,202,female
402,2,676,209,54,169,female
403,0,688,299,74,221,female
403,1,591,304,70,202,female
403,2,676,209,54,169,female
404,0,688,299,74,221,female
404,1,591,304,70,203,female
404,2,676,209,54,169,female
405,0,689,299,73,221,female
405,1,591,303,70,203,female
405,2,676,209,54,169,female
406,0,689,299,73,221,female
406,1,591,303,70,203,female
406,2,676,209,54,169,female
407,0,689,299,73,221,female
407,1,591,303,70,203,female
407,2,676,209,54,169,female
408,0,689,299,73,221,female
408,1,591,303,70,204,female
408,2,676,209,54,169,female
409,0,689,299,73,220,female
409,1,591,303,70,204,female
409,2,676,209,53,169,female
410,0,689,299,73,221,female
410,1,591,303,71,204,female
410,2,676,209,54,169,female
411,0,689,299,73,221,female
411,1,591,303,71,204,female
411,2,676,209,54,169,female
412,0,689,299,73,221,female
412,1,591,303,71,204,female
412,2,676,209,54,169,female
413,0,689,298,73,222,female
413,1,591,302,70,205,female
413,2,676,209,53,169,female
414,0,689,298,73,222,female
414,1,591,302,70,205,female
414,2,676,209,53,169,female
414,9,952,514,111,206,
415,0,689,298,73,222,female
415,1,591,302,70,205,female
415,2,676,209,53,169,female
415,9,950,520,118,200,
416,0,689,298,73,222,female
416,1,591,302,70,205,female
416,2,676,209,53,169,female
416,9,947,518,117,201,
417,0,689,298,73,222,female
417,1,591,302,70,205,female
417,2,676,209,54,169,female
417,9,946,527,118,193,
418,0,689,298,73,222,female
418,1,591,302,70,205,female
418,2,676,209,54,169,female
419,0,689,298,73,222,female
419,1,591,302,70,205,female
419,2,676,209,54,169,female
420,0,689,298,73,222,female
420,1,591,302,70,205,female
420,2,676,209,54,169,female
421,0,689,298,73,222,female
421,1,591,302,70,205,female
421,2,676,209,53,169,female
422,0,689,298,73,222,female
422,1,591,302,70,205,female
422,2,676,209,54,169,female
423,0,689,298,73,222,female
423,1,591,302,70,205,female
423,2,676,209,54,169,female
424,0,689,298,73,222,female
424,1,591,302,70,205,female
424,2,676,209,54,169,female
425,0,689,298,73,222,female
425,1,591,302,70,205,female
425,2,676,209,53,169,female
426,0,690,299,72,221,female
426,1,592,302,70,223,female
426,2,677,211,48,159,female
427,0,689,299,73,221,female
427,1,592,302,70,224,female
427,2,677,211,48,158,female
428,0,689,299,73,221,female
428,1,592,302,70,224,female
428,2,677,210,48,159,female
429,0,689,299,73,221,female
429,1,592,302,70,224,female
429,2,677,210,48,159,female
430,0,689,298,73,223,female
430,1,592,302,70,224,female
430,2,677,210,48,161,female
431,0,689,298,73,223,female
431,1,592,302,70,224,female
431,2,676,210,49,162,female
432,0,689,298,73,223,female
432,1,592,302,70,224,female
432,2,676,210,49,162,female
433,0,689,298,73,223,female
433,1,592,302,70,224,female
433,2,676,210,49,162,female
434,0,689,298,73,223,female
434,1,592,302,70,224,female
434,2,676,210,49,162,female
435,0,689,298,73,223,female
435,1,592,302,70,224,female
435,2,676,210,49,162,female
436,0,689,298,73,223,female
436,1,592,301,70,225,female
436,2,676,210,49,162,female
437,0,689,298,73,223,female
437,1,592,301,70,224,female
437,2,676,210,50,161,female
438,0,689,298,73,223,female
438,1,592,302,70,223,female
438,2,676,210,49,161,female
439,0,689,298,73,223,female
439,1,592,302,70,223,female
439,2,677,210,49,159,female
440,0,689,298,73,223,female
440,1,592,302,70,223,female
440,2,676,210,50,160,female
441,0,689,298,73,223,female
441,1,592,302,70,223,female
441,2,677,210,49,161,female
442,0,689,298,73,223,female
442,1,592,301,70,224,female
442,2,676,209,51,163,female
443,0,689,298,73,223,female
443,1,592,302,70,223,female
443,2,676,210,50,160,female
444,0,689,298,73,223,female
444,1,592,301,70,224,female
444,2,676,209,50,163,female
445,0,689,298,73,223,female
445,1,592,301,70,224,female
445,2,676,211,51,163,female
446,0,689,298,73,223,female
446,1,592,301,70,224,female
446,2,676,210,51,164,female
447,0,689,297,73,224,female
447,1,592,301,70,224,female
447,2,676,210,51,164,female
448,0,689,298,73,223,female
448,1,592,301,70,224,female
448,2,676,211,51,163,female
449,0,689,297,73,224,female
449,1,592,301,70,224,female
449,2,676,211,51,162,female
450,0,689,298,73,223,female
450,1,592,302,70,223,female
450,2,676,210,51,164,female
451,0,689,299,73,223,female
451,1,591,304,69,207,female
451,2,676,209,53,172,female
452,0,689,298,73,224,female
452,1,591,303,69,208,female
452,2,676,209,53,171,female
453,0,689,298,73,224,female
453,1,591,303,69,208,female
453,2,676,209,53,171,female
454,0,689,298,73,224,female
454,1,591,303,69,207,female
454,2,676,209,53,171,female
455,0,689,298,73,224,female
455,1,591,303,69,208,female
455,2,676,210,53,170,female
456,0,689,298,73,224,female
456,1,591,303,69,207,female
456,2,676,209,53,170,female
457,0,689,298,73,224,female
457,1,591,303,69,207,female
457,2,676,209,53,170,female
458,0,689,298,73,224,female
458,1,591,303,69,207,female
458,2,676,210,53,170,female
459,0,689,298,73,224,female
459,1,591,303,69,207,female
459,2,676,210,53,170,female
460,0,689,298,73,224,female
460,1,591,303,69,207,female
460,2,676,210,53,169,female
461,0,689,298,73,224,female
461,1,591,303,69,207,female
461,2,676,210,53,169,female
462,0,689,297,73,226,female
462,1,591,302,69,208,female
462,2,677,210,52,170,female
463,0,689,298,73,224,female
463,1,591,303,69,207,female
463,2,677,210,52,170,female
464,0,689,297,73,227,female
464,1,591,303,69,207,female
464,2,677,210,52,171,female
465,0,689,298,73,225,female
465,1,591,303,69,207,female
465,2,677,210,52,171,female
466,0,689,297,73,226,female
466,1,591,303,69,207,female
466,2,677,210,52,172,female
467,0,689,297,73,226,female
467,1,591,303,69,207,female
467,2,677,210,52,171,female
468,0,689,298,73,225,female
468,1,591,303,69,207,female
468,2,677,212,51,166,female
469,0,689,296,73,228,female
469,1,591,302,69,209,female
469,2,677,212,51,166,female
470,0,688,295,74,231,female
470,1,591,302,69,209,female
470,2,677,211,50,167,female
471,0,688,294,74,234,female
471,1,591,302,69,208,female
471,2,677,212,50,166,female
472,0,688,294,74,233,female
472,1,591,302,69,208,female
472,2,676,211,53,170,female
473,0,688,294,74,232,female
473,1,591,302,69,208,female
473,2,677,212,51,166,female
474,0,688,294,74,232,female
474,1,591,302,69,208,female
474,2,677,212,51,167,female
475,0,688,294,74,233,female
475,1,591,302,69,208,female
475,2,677,211,52,171,female
476,0,687,296,75,226,female
476,1,588,300,73,210,female
476,2,677,209,50,157,female
477,0,687,295,75,227,female
477,1,588,300,73,211,female
477,2,678,209,49,157,female
478,0,687,296,75,225,female
478,1,588,300,73,210,female
478,2,678,209,50,157,female
479,0,688,297,73,224,female
479,1,588,301,73,209,female
479,2,677,209,51,156,female
480,0,688,296,73,225,female
480,1,588,300,73,211,female
480,2,677,209,51,161,female
481,0,688,297,73,223,female
481,1,588,301,73,210,female
481,2,678,209,50,158,female
482,0,688,297,73,223,female
482,1,588,301,73,210,female
482,2,677,209,52,161,female
483,0,688,298,73,222,female
483,1,588,301,73,210,female
483,2,677,209,51,162,female
484,0,688,298,73,222,female
484,1,588,301,73,210,female
484,2,677,209,51,162,female
485,0,688,297,73,223,female
485,1,588,301,73,210,female
485,2,677,210,51,162,female
486,0,688,299,73,220,female
486,1,588,301,73,209,female
486,2,676,210,51,161,female
487,0,688,300,73,219,female
487,1,588,301,73,209,female
487,2,677,210,49,156,female
488,0,688,300,73,219,female
488,1,588,301,73,209,female
488,2,678,211,48,154,female
489,0,688,299,73,220,female
489,1,588,301,73,209,female
489,2,677,211,50,154,female
490,0,688,301,73,217,female
490,1,588,302,73,208,female
490,2,677,211,48,153,female
491,0,688,299,73,221,female
491,1,588,302,73,208,female
491,2,677,210,49,157,female
492,0,688,302,72,217,female
492,1,588,301,73,209,female
492,2,677,209,50,158,female
493,0,688,299,73,221,female
493,1,588,300,73,210,female
493,2,676,208,54,167,female
494,0,688,302,73,217,female
494,1,588,301,73,209,female
494,2,676,209,52,158,female
495,0,688,301,73,218,female
495,1,588,301,73,209,female
495,2,677,209,49,158,female
496,0,688,299,73,222,female
496,1,588,301,73,210,female
496,2,678,209,51,159,female
497,0,687,296,74,227,female
497,1,588,300,73,209,female
497,2,676,206,56,171,female
498,0,688,298,73,223,female
498,1,588,301,73,210,female
498,2,678,206,53,169,female
499,0,688,297,73,225,female
499,1,588,300,73,211,female
499,2,680,208,48,159,female
500,0,687,293,74,234,female
500,1,588,300,73,211,female
500,2,678,206,51,160,female
501,0,688,299,73,223,female
501,1,590,303,71,210,female
501,2,677,208,50,171,female
502,0,688,301,73,219,female
502,1,590,303,71,210,female
503,0,688,299,73,222,female
503,1,590,303,71,210,female
503,2,677,207,48,162,female
504,0,688,300,73,221,female
504,1,590,303,71,211,female
504,2,676,204,45,167,female
505,0,688,300,73,221,female
505,1,590,304,71,209,female
505,2,673,199,45,171,female
506,0,688,300,73,221,female
506,1,590,303,71,210,female
507,0,688,300,73,220,female
507,1,591,303,70,209,female
508,0,688,298,73,224,female
508,1,590,302,71,210,female
509,0,688,298,73,224,female
509,1,591,303,70,209,female
510,0,688,299,73,223,female
510,1,591,302,70,210,female
511,0,688,301,73,219,female
511,1,591,302,70,209,female
512,0,688,299,73,222,female
512,1,591,302,70,209,female
513,0,687,297,74,225,female
513,1,591,304,70,208,female
514,0,687,298,74,225,female
514,1,591,304,70,210,female
514,2,677,213,49,153,female
515,0,687,298,75,224,female
515,1,590,306,71,211,female
515,2,677,210,48,153,female
516,0,687,295,74,231,female
516,1,590,303,71,213,female
516,2,678,209,49,158,female
517,0,689,294,72,229,female
517,1,590,301,71,211,female
517,2,679,210,47,155,female
518,0,689,293,72,231,female
518,1,590,300,72,212,female
518,2,679,212,49,159,female
519,0,689,293,72,230,female
519,1,590,301,72,211,female
519,2,680,210,47,151,female
520,0,688,294,73,228,female
520,1,590,301,72,213,female
520,2,681,210,46,148,female
521,0,688,294,74,228,female
521,1,589,300,73,215,female
521,2,681,211,46,141,female
522,0,689,296,73,224,female
522,1,589,299,73,215,female
522,2,680,212,49,143,female
523,0,689,296,72,225,female
523,1,589,300,73,214,female
523,2,679,212,51,153,female
524,0,689,296,72,223,female
524,1,589,299,73,214,female
524,2,679,213,50,150,female
525,0,688,297,73,223,female
525,1,589,300,73,214,female
525,2,680,214,48,144,female
526,0,689,290,73,237,female
526,1,590,298,70,217,female
527,0,688,288,73,243,female
527,1,590,299,70,219,female
528,0,686,271,75,286,female
528,1,590,297,70,224,female
529,0,687,277,75,264,female
529,1,590,297,70,222,female
530,0,689,293,72,232,female
530,1,590,300,70,221,female
531,0,689,290,72,239,female
531,1,589,298,71,225,female
532,0,689,292,72,236,female
532,1,589,302,72,227,female
533,0,689,292,72,236,female
533,1,589,304,72,226,female
534,0,689,293,72,233,female
534,1,589,302,72,230,female
535,0,689,292,71,235,female
535,1,589,303,72,228,female
536,0,688,283,73,253,female
536,1,588,302,73,231,female
536,2,702,212,46,134,female
537,0,688,283,73,254,female
537,1,588,301,73,232,female
537,2,702,214,48,143,female
538,0,687,274,75,275,female
538,1,588,301,74,233,female
538,2,705,213,46,140,female
539,0,687,279,75,265,female
539,1,588,300,74,233,female
539,2,707,214,45,131,female
540,0,687,280,75,260,female
540,1,588,301,74,233,female
540,2,710,213,45,132,female
541,0,688,279,74,263,female
541,1,588,300,74,233,female
541,2,712,215,44,130,female
542,0,690,285,72,248,female
542,1,588,300,74,232,female
542,2,713,214,44,131,female
543,0,690,288,71,244,female
543,1,588,300,74,232,female
543,2,711,215,48,157,female
544,0,691,292,70,236,female
544,1,588,301,74,231,female
544,2,712,216,49,159,female
545,0,690,292,71,236,female
545,1,588,301,74,230,female
545,2,715,216,47,159,female
546,0,689,295,72,232,female
546,1,588,300,74,231,female
546,2,716,215,49,152,female
547,0,690,296,74,226,female
547,1,588,301,74,229,female
547,2,718,217,50,151,female
548,0,689,294,76,230,female
548,1,588,301,74,228,female
548,2,719,215,53,155,female
549,0,689,298,76,229,female
549,1,588,301,74,228,female
549,2,717,217,58,156,female
550,0,689,304,74,219,female
550,1,588,301,74,228,female
551,0,689,303,74,217,female
551,1,590,303,73,212,female
552,0,690,302,73,216,female
552,1,589,304,74,211,female
553,0,690,299,73,219,female
553,1,590,304,73,211,female
554,0,690,297,73,222,female
554,1,589,304,74,211,female
555,0,689,296,74,223,female
555,1,590,303,73,211,female
555,2,739,212,49,155,female
556,0,689,297,75,224,female
556,1,589,302,74,212,female
556,2,741,211,49,154,female
557,0,689,297,76,224,female
557,1,589,302,74,212,female
557,2,745,212,50,146,female
558,0,689,298,78,225,female
558,1,589,302,74,211,female
558,2,749,210,48,149,female
559,0,689,304,76,214,female
559,1,589,303,74,209,female
559,2,752,213,47,144,female
560,0,689,305,76,212,female
560,1,589,302,74,211,female
560,2,753,213,47,141,female
561,0,689,307,76,208,female
561,1,589,303,74,209,female
561,2,754,213,46,145,female
562,0,689,307,74,209,female
562,1,589,302,74,211,female
562,2,754,217,47,145,female
563,0,689,307,74,209,female
563,1,589,303,74,209,female
563,2,757,217,46,147,female
564,0,689,308,74,206,female
564,1,589,302,74,210,female
564,2,761,219,42,149,female
565,0,689,308,72,206,female
565,1,589,303,74,209,female
566,0,689,307,71,207,female
566,1,590,303,73,210,female
567,0,689,308,72,205,female
567,1,590,303,73,209,female
568,0,689,308,72,206,female
568,1,590,303,73,209,female
569,0,689,309,73,206,female
569,1,590,303,73,209,female
570,0,689,310,74,204,female
570,1,589,303,74,209,female
571,0,689,310,74,206,female
571,1,590,303,73,209,female
572,0,689,310,75,206,female
572,1,589,303,74,209,female
573,0,689,310,74,205,female
573,1,590,303,73,209,female
574,0,689,310,75,205,female
574,1,590,303,73,209,female
575,0,689,309,75,205,female
575,1,590,304,73,208,female
575,2,777,225,42,150,female
576,0,689,309,71,204,female
576,1,591,300,73,217,female
576,2,780,224,42,161,female
577,0,689,309,72,204,female
577,1,591,300,73,216,female
577,2,783,224,41,164,female
578,0,689,309,72,204,female
578,1,591,300,73,216,female
578,2,785,222,45,181,female
579,0,689,309,72,203,female
579,1,591,300,73,216,female
579,2,786,221,46,187,female
580,0,690,309,72,204,female
580,1,591,300,73,216,female
580,2,787,220,47,190,female
581,0,690,309,72,203,female
581,1,591,300,73,217,female
581,2,788,221,47,186,female
582,0,690,310,72,202,female
582,1,591,300,73,216,female
582,2,790,223,47,161,female
583,0,689,310,73,201,female
583,1,591,300,73,216,female
583,2,791,220,49,166,female
584,0,690,310,72,202,female
584,1,591,300,73,216,female
584,2,792,220,51,185,female
585,0,690,309,71,204,female
585,1,591,301,73,214,female
585,2,791,226,54,228,female
586,0,690,309,71,204,female
586,1,591,300,72,216,female
587,0,690,310,71,203,female
587,1,591,301,72,215,female
588,0,690,309,72,205,female
588,1,591,301,72,215,female
589,0,690,309,72,205,female
589,1,591,301,72,215,female
590,0,690,309,72,205,female
590,1,591,301,72,215,female
591,0,690,308,72,206,female
591,1,591,301,72,215,female
592,0,690,309,72,204,female
592,1,591,301,73,215,female
593,0,690,309,72,204,female
593,1,591,301,73,215,female
594,0,690,309,72,204,female
594,1,591,301,73,215,female
595,0,690,309,72,203,female
595,1,591,301,73,216,female
596,0,690,309,72,203,female
596,1,591,301,73,215,female
597,0,690,309,72,203,female
597,1,591,301,73,213,female
598,0,690,309,72,204,female
598,1,591,301,73,215,female
599,0,689,309,73,203,female
599,1,591,301,73,215,female
600,0,689,309,73,204,female
600,1,591,301,73,215,female
601,0,689,309,75,208,female
601,1,590,299,73,219,female
602,0,689,309,74,208,female
602,1,590,299,73,219,female
603,0,690,309,73,208,female
603,1,590,299,73,219,female
604,0,690,309,73,208,female
604,1,590,299,73,218,female
605,0,690,309,73,207,female
605,1,590,300,73,218,female
606,0,690,309,73,207,female
606,1,590,299,73,218,female
607,0,690,309,73,207,female
607,1,590,299,73,219,female
608,0,690,309,73,206,female
608,1,590,299,73,219,female
609,0,690,309,73,206,female
609,1,590,299,73,219,female
610,0,690,311,73,204,female
610,1,590,300,73,218,female
611,0,690,310,73,205,female
611,1,590,299,73,219,female
612,0,690,310,73,205,female
612,1,590,299,73,219,female
613,0,689,310,74,204,female
613,1,590,300,73,219,female
614,0,689,309,74,206,female
614,1,590,300,73,219,female
615,0,689,310,74,204,female
615,1,590,300,73,219,female
616,0,690,310,73,204,female
616,1,590,300,73,219,female
617,0,690,310,74,204,female
617,1,590,300,73,219,female
618,0,690,310,74,204,female
618,1,590,300,73,218,female
619,0,690,311,73,202,female
619,1,590,300,73,219,female
620,0,689,312,75,202,female
620,1,590,300,73,218,female
621,0,689,313,74,202,female
621,1,590,300,73,219,female
622,0,690,312,73,202,female
622,1,590,300,73,219,female
623,0,690,312,73,202,female
623,1,590,300,73,219,female
624,0,690,311,73,204,female
624,1,590,300,73,220,female
625,0,690,310,73,205,female
625,1,590,300,73,220,female
626,0,690,306,72,209,female
626,1,590,302,73,218,female
627,0,690,306,73,209,female
627,1,590,302,73,218,female
628,0,690,306,73,209,female
628,1,590,302,73,218,female
629,0,690,306,73,209,female
629,1,590,302,73,218,female
630,0,690,306,72,210,female
630,1,590,302,73,218,female
631,0,690,305,72,212,female
631,1,590,302,73,217,female
632,0,690,305,72,211,female
632,1,590,302,73,217,female
633,0,690,305,72,211,female
633,1,590,302,73,217,female
634,0,690,305,72,211,female
634,1,590,302,73,217,female
635,0,690,306,72,210,female
635,1,590,302,73,217,female
636,0,690,306,72,210,female
636,1,590,303,73,217,female
637,0,690,306,71,210,female
637,1,590,303,73,217,female
638,0,690,305,72,211,female
638,1,590,302,73,218,female
639,0,690,306,72,209,female
639,1,590,303,73,217,female
640,0,690,306,72,209,female
640,1,590,302,73,218,female
641,0,690,306,72,209,female
641,1,590,302,73,218,female
642,0,690,305,72,210,female
642,1,590,302,73,218,female
643,0,690,306,73,209,female
643,1,590,302,73,217,female
644,0,690,307,73,208,female
644,1,590,302,73,217,female
645,0,690,308,74,206,female
645,1,590,302,73,217,female
646,0,690,308,76,207,female
646,1,590,302,73,217,female
647,0,690,308,76,207,female
647,1,590,302,73,217,female
648,0,690,308,75,207,female
648,1,590,303,73,216,female
649,0,690,306,73,209,female
649,1,590,303,73,217,female
650,0,690,307,71,208,female
650,1,590,302,73,218,female
651,0,690,306,71,211,female
651,1,588,301,76,213,female
652,0,690,307,70,209,female
652,1,589,301,75,213,female
653,0,690,307,70,209,female
653,1,589,302,75,212,female
654,0,690,308,70,208,female
654,1,589,302,74,211,female
655,0,690,308,71,208,female
655,1,588,301,76,212,female
656,0,691,307,71,211,female
656,1,589,301,75,212,female
657,0,690,307,71,211,female
657,1,589,301,74,212,female
658,0,690,306,71,212,female
658,1,589,301,74,212,female
659,0,690,305,71,213,female
659,1,588,301,75,212,female
660,0,690,304,72,214,female
660,1,588,301,76,212,female
